1,Benyamin,Forlong,2012-06-30,Male,45,5
2,Goldie,Tirrey,2004-11-03,Female,59,16
3,Sharl,Mawby,2001-02-22,Female,43,14
4,Haily,Godleman,2005-01-10,Male,8,90
5,Bryan,Crick,2000-12-31,Male,78,15
6,Sanford,Freemantle,2014-09-18,Male,59,64
7,Petronille,Flaune,2000-11-29,Female,42,69
8,Torrance,Ashbee,1996-11-17,Male,59,24
9,Florry,Facey,2020-07-07,Female,55,62
10,Hashim,Russe,2008-09-27,Male,56,54
11,Lemar,Bawles,1996-08-01,Male,34,2
12,Ottilie,Farraway,2016-05-26,Female,21,45
13,Gavra,De Ortega,2023-04-18,Female,2,63
14,Abigail,Croley,2007-05-09,Female,26,85
15,Titus,Castillou,1995-02-06,Male,4,66
16,Marquita,Wernher,2003-09-28,Female,51,92
17,Arlena,Glynn,1995-04-22,Female,46,9
18,Kylie,Delmage,2006-08-01,Female,42,8
19,Whit,Colmer,2012-03-25,Male,86,18
20,Wolf,Francesch,2005-10-21,Male,24,59
21,Dorene,Fitzjohn,2010-02-27,Female,51,73
22,Gladys,Filochov,2015-11-06,Female,13,25
23,Nathanil,Egdale,2017-06-09,Male,40,37
24,Candide,Franklyn,2022-06-12,Female,15,98
25,Harmony,Clack,2022-02-13,Female,30,50
26,Kandy,Pariso,2022-06-18,Female,82,31
27,Orv,Button,2016-02-25,Male,82,1
28,Haleigh,Ghirigori,2018-10-20,Female,99,54
29,Prudence,Buxsey,2008-11-11,Female,86,62
30,Darby,Kenworthey,2009-03-24,Female,6,55
31,Wakefield,Arber,2003-08-19,Male,24,98
32,Care,Ruler,2001-06-30,Male,30,58
33,Falito,Galea,1998-07-12,Male,40,72
34,Susette,Huggen,1997-08-02,Female,89,66
35,Kenna,Bruneton,2006-11-02,Female,41,78
36,Margot,Axup,1995-09-18,Female,58,89
37,Lorenza,Etchell,1995-09-25,Female,65,29
38,Mac,Pritchett,2002-01-25,Male,41,100
39,Bone,de Verson,2004-12-31,Male,43,43
40,Fancy,Antao,2005-01-23,Female,58,41
41,Gunter,Benzing,2024-02-24,Male,17,30
42,Minna,Voules,1997-03-22,Female,93,28
43,Philippe,McKearnen,1998-08-08,Female,48,83
44,Roanne,Huitt,2022-07-26,Female,41,58
45,Barrett,Paoletti,2017-12-11,Male,8,53
46,Kippar,Wofenden,2006-01-25,Male,75,74
47,Veronica,Acutt,2005-01-15,Female,63,2
48,Vinni,Mort,2013-06-01,Female,75,96
49,Leann,Attwool,1998-11-17,Female,91,96
50,Domenico,Friberg,2011-03-10,Male,46,50
51,Codie,Peck,2017-02-13,Male,28,58
52,Mirella,Shead,2001-12-17,Female,3,50
53,Dasie,Stranahan,2016-10-29,Female,48,15
54,Halsy,Sowden,2001-10-11,Male,61,97
55,Gerardo,Alvaro,2005-10-28,Male,46,98
56,Rikki,Berge,2020-12-05,Female,52,60
57,Cassaundra,Goudman,2006-04-10,Female,31,22
58,Gustaf,Howel,2008-01-02,Male,39,1
59,Jedd,Cleynaert,2009-10-24,Male,82,31
60,Pansy,Janata,2001-05-15,Female,62,95
61,Dillon,Stroulger,2022-02-02,Male,31,3
62,Georgianne,Olekhov,2013-07-25,Female,57,91
63,Raynell,Philcott,2009-08-14,Female,73,62
64,Juana,Stormes,2024-03-28,Female,87,70
65,Beatrix,Wedgwood,2011-10-14,Female,12,62
66,Lauri,Eby,2014-02-05,Female,24,56
67,Lucky,Boffin,2010-08-20,Female,68,67
68,Vincenz,Scanes,2008-09-04,Male,67,88
69,Kristian,Roddie,1999-10-07,Male,84,96
70,Margalit,Goulborn,2011-06-15,Female,100,83
71,Ted,Swyer-Sexey,2003-09-23,Female,27,53
72,Efrem,Cicculi,2022-08-01,Male,73,7
73,Veronike,Karpe,2022-05-25,Female,70,8
74,Jake,Hesey,2010-05-18,Male,57,14
75,Wolfie,Hackney,2019-01-14,Male,21,56
76,Price,Gareisr,1998-04-23,Male,57,61
77,Chicky,Over,2002-07-18,Male,64,25
78,Vanna,Wiffill,1997-06-20,Female,41,92
79,Colette,Clara,2014-11-12,Female,51,44
80,Jo,Gerretsen,2002-10-13,Female,45,57
81,Wilhelmine,Groarty,2022-10-22,Female,83,54
82,Perry,Edgerley,2005-05-22,Male,12,17
83,Marlowe,Corbert,2007-05-25,Male,26,20
84,Joby,Hanbury,2013-02-13,Female,12,87
85,Tait,Hardistry,2012-06-02,Male,7,92
86,Philippe,Phizacklea,2017-04-21,Female,31,46
87,Shelby,Pfleger,2009-03-24,Female,98,86
88,Skip,Etock,2024-05-12,Male,7,15
89,Page,Buntin,2011-11-22,Female,31,50
90,Nathanial,Jeandin,2007-10-27,Male,65,98
91,Marya,Baudin,2008-07-21,Female,78,32
92,Guido,McCrisken,1999-08-08,Male,51,66
93,Elijah,Carne,2003-11-05,Male,14,30
94,Haley,Smeuin,2008-04-28,Male,58,74
95,Dennis,Edens,1997-07-29,Male,98,32
96,Legra,McDonald,2003-06-12,Female,53,38
97,Rafferty,Greber,2001-06-25,Male,60,98
98,Nani,Nisen,2009-11-16,Female,92,56
99,Fairlie,Pesak,2013-06-02,Male,91,25
100,Debora,Peerless,1997-12-21,Female,58,74
101,Norine,Gai,2003-04-03,Female,14,3
102,Laurent,Besnardeau,1995-04-22,Male,80,95
103,Veronica,Blackler,2005-12-22,Female,85,16
104,Stacee,De Mico,2012-05-15,Female,71,69
105,Dore,Viggars,2004-03-03,Male,32,5
106,Raynor,Cammis,2004-08-31,Male,44,24
107,Brian,Zieme,2023-04-06,Male,10,77
108,Rivi,Haining,2011-08-17,Female,30,42
109,Tatiana,Inglese,1997-09-18,Female,72,16
110,Adler,Kewish,2019-06-18,Male,88,10
111,Hanan,Shervington,1996-10-27,Male,11,39
112,Tamarah,Bentson,2003-09-28,Female,87,56
113,Ashely,Filler,2012-06-12,Female,92,25
114,Shannon,Po,2004-05-19,Male,76,48
115,Levey,Pinches,2006-07-02,Male,30,20
116,Paddy,Dies,2000-03-11,Male,20,6
117,Constantino,Robshaw,2012-02-12,Male,59,97
118,Gusta,Rabbatts,2019-05-04,Female,70,94
119,Will,Sjostrom,2002-06-27,Male,30,81
120,Micky,Armes,2021-02-11,Female,63,96
121,Son,Langdon,2007-10-08,Male,82,1
122,Leonerd,Pentelo,2011-02-20,Male,40,100
123,Kennan,Berecloth,2001-04-18,Male,47,63
124,Creighton,Heindrich,2003-02-20,Male,82,7
125,Jayme,Van der Linde,2011-10-16,Male,87,64
126,Alvera,McTrustey,2007-06-20,Female,8,30
127,Woodrow,Ledner,1997-09-29,Male,40,42
128,Buffy,Seadon,2020-09-21,Female,28,90
129,Towny,Gyngell,2014-03-02,Male,24,46
130,Rurik,O'Cahsedy,2018-08-21,Male,78,93
131,Verina,Mattessen,2020-10-07,Female,56,75
132,Emile,Barlass,2021-02-27,Male,55,23
133,Errol,Careless,1997-06-02,Male,92,81
134,Phillipp,Suffe,2011-05-18,Male,7,18
135,Sherwin,Roscamp,2006-10-08,Male,58,41
136,Ferguson,Veare,2016-10-14,Male,34,61
137,Teressa,Sadry,2024-02-12,Female,96,55
138,Cassi,Albisser,2002-02-20,Female,57,19
139,Troy,O' Timony,1997-04-28,Male,11,23
140,Goddart,Willgoose,2014-07-29,Male,65,40
141,Kylila,De Caroli,1995-04-06,Female,43,83
142,Jay,Langstone,2016-02-05,Male,18,26
143,Bink,Wash,2019-08-08,Male,97,59
144,Darcee,Mosconi,2016-04-26,Female,40,16
145,Garrek,Humbee,1997-07-15,Male,26,97
146,Lavinie,Aizikowitz,2008-03-05,Female,88,6
147,Mace,Toplis,2024-04-19,Male,60,38
148,Nicky,Fulleylove,2023-09-26,Male,91,7
149,Marsiella,Finlay,1995-06-15,Female,45,40
150,Gannon,Geratasch,2006-02-05,Male,20,26
151,Jania,Roxburgh,2015-08-24,Female,62,63
152,Cesaro,Knaggs,2015-05-24,Male,52,87
153,Paten,Ditch,1995-03-17,Male,96,15
154,Des,Ledley,2007-11-02,Male,89,25
155,Ryann,McVanamy,1997-02-26,Female,54,40
156,Lotti,Mullett,1996-10-17,Female,58,87
157,Adina,Corns,2002-10-21,Female,91,89
158,Saxe,Drew,2022-06-18,Male,51,17
159,Turner,Robken,2000-06-04,Male,18,2
160,Dave,Kelk,1995-12-30,Male,31,53
161,Aylmar,Ruler,2010-08-18,Male,95,9
162,Pauline,Torrans,2007-01-14,Female,19,25
163,Wilburt,Points,1995-02-16,Male,31,14
164,Jenny,Gaine,2002-12-20,Female,11,87
165,Rochella,Workman,2003-09-15,Female,100,14
166,Merrie,Brouard,2011-02-03,Female,81,25
167,Malia,Gamblin,2017-06-09,Female,93,9
168,Jamill,Brazur,2021-07-01,Male,77,32
169,Odo,Snookes,1996-06-28,Male,15,78
170,Abraham,Dudman,2020-07-04,Male,60,85
171,Nate,Novotna,2024-07-22,Male,44,88
172,Niko,Domini,2018-05-21,Male,70,74
173,Candy,Mattys,2012-08-01,Female,37,52
174,Erick,Cutmere,2019-10-27,Male,44,15
175,Dmitri,Antonich,1995-12-07,Male,37,96
176,Carissa,De Zamudio,2019-11-03,Female,2,76
177,Vanya,Boles,2022-09-22,Male,51,3
178,Georgy,Shall,2001-07-10,Male,86,58
179,Benita,Kurdani,2008-06-21,Female,43,77
180,Hedvige,Ghidoni,2010-05-24,Female,90,29
181,Correna,Stoke,2015-06-07,Female,36,8
182,Langsdon,Weepers,1995-03-13,Male,87,95
183,Reta,Cundey,2014-07-02,Female,86,22
184,Gaven,Mateescu,2022-04-27,Male,16,93
185,Aurilia,Franey,2022-06-27,Female,64,44
186,Mandy,McBeath,2012-05-29,Female,42,91
187,Ethelda,Stollenberg,2005-07-03,Female,34,52
188,Ker,Lichtfoth,2000-02-10,Male,10,50
189,Teodoor,Grinley,2000-10-29,Male,68,23
190,Pearce,Ronald,1996-12-02,Male,30,8
191,Bettye,Monget,2005-04-05,Female,19,82
192,Gardner,Oneal,2011-07-26,Male,73,19
193,Innis,Flippelli,2013-06-20,Male,49,87
194,Maxim,Trehearne,2012-05-13,Male,29,55
195,Ransom,Bennen,2017-11-16,Male,14,61
196,Herb,Chatin,1998-08-20,Male,32,69
197,Bernadine,Lukasen,2007-02-08,Female,96,17
198,Willow,Partlett,2010-01-27,Female,37,66
199,Mattie,Poulett,2020-06-02,Female,72,79
200,Aymer,Angus,2015-10-24,Male,81,42
201,Kipp,Thomsson,2020-11-05,Male,49,3
202,Bernardine,Mackieson,2023-07-22,Female,37,20
203,Reggie,Dillinger,2014-06-09,Male,97,23
204,Zak,Pirie,2023-08-09,Male,9,12
205,Carr,Glanert,2010-08-17,Male,58,22
206,Beckie,Capin,2003-12-17,Female,74,13
207,Veronique,Shannon,2003-11-01,Female,100,46
208,Mahmoud,Pays,2007-12-28,Male,66,99
209,Odessa,Bunford,1999-10-30,Female,75,70
210,Judith,Rimes,2022-03-24,Female,27,45
211,Bard,Torbeck,2011-11-25,Male,58,89
212,Isabel,Lawtie,2021-08-13,Female,84,58
213,Kriste,Sandcroft,2012-12-20,Female,32,58
214,Flint,Spurr,2011-01-13,Male,77,52
215,Orelle,Duddle,2024-09-26,Female,73,24
216,Tonya,Blazej,2023-06-26,Female,35,53
217,Dewey,Baptist,1997-07-29,Male,27,6
218,Buck,Robillart,2012-09-17,Male,43,93
219,Hilde,Peers,2024-09-03,Female,19,73
220,Thomas,Burford,2022-04-08,Male,1,45
221,Giovanni,Laurenson,1997-05-25,Male,16,21
222,Pace,Enderson,2008-03-11,Male,59,69
223,Peadar,Rickesies,2004-06-12,Male,93,50
224,Ryon,Meneghi,1995-08-07,Male,21,39
225,Regan,Konig,2017-04-20,Female,28,8
226,Lovell,Thorpe,2015-06-12,Male,50,48
227,Abigale,Suarez,1996-08-09,Female,75,81
228,Delphine,Mathelon,2006-08-13,Female,58,9
229,Prent,Cayton,2017-11-16,Male,60,12
230,Raddie,Papps,2002-03-06,Male,76,19
231,Lilith,Robker,2010-02-08,Female,10,37
232,Temple,Vakhrushin,2016-10-04,Male,100,14
233,Benoit,Carren,2013-02-24,Male,22,60
234,Pepito,Gertray,2001-05-16,Male,74,38
235,Ibrahim,Dorran,1998-04-12,Male,29,46
236,Jesse,Trappe,2009-01-13,Female,12,52
237,Linnell,Polotti,2018-12-04,Female,12,8
238,Nettle,Cyster,2002-02-22,Female,41,76
239,Kitty,Avo,1998-06-16,Female,74,18
240,Margarette,Elvin,2009-05-26,Female,81,89
241,Gibbie,Mustarde,1995-04-01,Male,17,86
242,Francene,Beincken,2010-03-22,Female,61,6
243,Fania,Filipiak,2008-09-03,Female,41,43
244,Agnola,Mugleston,2013-05-17,Female,36,7
245,Davidde,Akett,2023-03-11,Male,70,73
246,Nettle,Delacourt,2013-01-28,Female,60,82
247,Anastasia,Varcoe,2023-03-03,Female,41,81
248,Beatrix,Rechert,2012-08-04,Female,82,27
249,Hildegaard,Poley,2002-04-15,Female,86,16
250,Coretta,Giovannoni,2008-05-10,Female,53,14
251,Bianca,Badland,1995-10-17,Female,82,64
252,Shawnee,Cerro,2003-10-10,Female,39,59
253,Rustie,Chisholme,1995-01-04,Male,44,100
254,Blake,Cadlock,2006-06-20,Female,95,66
255,Peggi,Bartlomieczak,1995-09-16,Female,13,43
256,Marga,Westmorland,2000-08-21,Female,46,89
257,Shaina,Buckhurst,2018-10-04,Female,37,24
258,Wittie,Breazeall,2000-04-09,Male,23,65
259,Ellyn,Crasswell,2002-12-28,Female,31,69
260,Lawry,Serrurier,2020-11-16,Male,96,99
261,Marcelo,Romain,2021-04-08,Male,71,94
262,Emmet,Moorman,2013-03-07,Male,58,52
263,Hayyim,Studdal,2024-11-17,Male,42,96
264,Norrie,Abrahart,1998-03-22,Female,59,34
265,Alexa,Sang,1995-05-06,Female,45,35
266,Annis,Kiledal,2018-11-03,Female,96,69
267,Flynn,MacKowle,2007-03-01,Male,21,13
268,Vannie,Baldacco,1998-02-23,Female,97,100
269,Collen,Petegree,2008-06-26,Female,54,14
270,Mignonne,Swadon,2013-05-31,Female,42,25
271,Gianni,Hardiker,2021-12-22,Male,2,9
272,Rianon,Leverson,2006-01-10,Female,19,8
273,Liliane,O'Heffernan,2001-03-16,Female,6,32
274,Gwenneth,Murra,2017-01-15,Female,72,57
275,Ulla,Emblen,2007-04-13,Female,49,86
276,Cinda,Gaynsford,2020-01-17,Female,73,37
277,Judy,Albery,2003-10-01,Female,74,5
278,Radcliffe,Livingstone,2017-07-23,Male,47,82
279,Ram,Brauner,1995-10-04,Male,40,15
280,Gustave,Conkie,2021-12-01,Male,94,73
281,Kirstin,Conre,2020-09-08,Female,36,78
282,Brady,Sutcliffe,2020-03-26,Male,64,98
283,Westbrooke,McGrale,1998-07-18,Male,2,64
284,Veronique,O'Keefe,2018-01-27,Female,39,80
285,Rebekah,Beck,2002-01-18,Female,64,8
286,Cozmo,Dupoy,2010-05-04,Male,85,4
287,Darelle,Lamlin,2005-10-23,Female,62,33
288,Riannon,Cresswell,2015-04-06,Female,9,1
289,Wynny,Russell,2017-12-30,Female,88,85
290,Vanni,Redley,2019-07-29,Female,28,76
291,Thea,Decroix,2015-02-19,Female,87,24
292,Sydney,Hawk,2010-04-27,Male,68,88
293,Wallie,Culley,2010-12-05,Male,19,31
294,Sloan,Danis,2021-08-20,Male,6,53
295,Chance,Byrd,2004-10-08,Male,27,69
296,Grantham,Tice,2016-07-22,Male,16,87
297,Carlene,Illsley,2006-09-03,Female,18,15
298,Antonina,Pizzie,1997-07-14,Female,98,7
299,Drona,Le Brun,2019-08-05,Female,15,41
300,Raychel,Picardo,1996-10-14,Female,96,46
301,Juline,Darkins,2006-06-02,Female,81,5
302,Maryrose,Kilday,2010-10-07,Female,77,2
303,Rodger,Bannester,2004-02-01,Male,51,80
304,Caprice,Whapham,2014-07-10,Female,86,2
305,Jilleen,Monte,2006-11-29,Female,46,80
306,Merissa,Johnke,2013-11-21,Female,31,59
307,Saul,Ouslem,2009-04-09,Male,13,87
308,Rochell,Truscott,2000-04-01,Female,60,67
309,Jesse,Crummey,2017-09-14,Male,76,62
310,Any,Yeoland,2004-08-25,Male,51,54
311,Roscoe,Carss,2009-05-15,Male,66,100
312,Templeton,Leyburn,2019-01-09,Male,37,77
313,Teodoro,Tilne,1999-03-06,Male,50,13
314,Hunter,MacFadyen,2008-08-10,Male,44,20
315,Fern,Redsall,2005-08-14,Female,75,44
316,Antonietta,O'Sharry,2005-08-26,Female,68,3
317,Tressa,McKeighen,2010-06-13,Female,70,44
318,Phillie,Alwood,2012-07-17,Female,28,32
319,Rooney,Chesshyre,1997-01-13,Male,93,60
320,Ronnie,Cescon,1996-01-22,Female,41,41
321,Rheba,Kleszinski,2022-07-22,Female,5,86
322,Harald,Devas,2004-10-06,Male,22,71
323,Lucho,Larcier,2016-10-19,Male,25,3
324,Marijn,Soanes,2002-02-06,Male,2,52
325,Delia,Perritt,2011-08-04,Female,94,40
326,Chloris,Avrasin,2014-09-20,Female,2,60
327,Antonin,Hastie,2018-03-19,Male,13,14
328,Bliss,Windrus,2006-07-15,Female,27,41
329,Elroy,Swanborough,2024-03-28,Male,5,77
330,Rivkah,Blackall,2004-07-05,Female,7,11
331,Tiertza,Ebbetts,2005-06-23,Female,85,6
332,Marthe,Burchett,2017-08-21,Female,13,30
333,Huntlee,Woodvine,2005-05-29,Male,72,82
334,Stephanie,Hansed,2007-01-24,Female,40,42
335,Allyson,McIlvaney,2015-04-12,Female,33,99
336,Guglielma,Dobsons,2022-11-15,Female,81,37
337,Ase,Patullo,2008-10-10,Male,49,7
338,Read,Giacomucci,2007-12-10,Male,66,88
339,Klement,Whetton,1995-11-19,Male,46,52
340,Ramona,Tilley,2011-03-23,Female,59,47
341,Conan,Sharrock,2006-06-23,Male,57,24
342,Bernhard,Opfer,2000-03-19,Male,29,68
343,Benoit,Agott,2018-11-19,Male,57,23
344,Randy,Durant,1995-06-06,Female,69,70
345,Amata,Guiduzzi,2018-06-23,Female,39,48
346,Kylila,Treagus,2019-11-26,Female,96,70
347,Fredrika,Felmingham,2021-08-10,Female,16,85
348,Llewellyn,Calven,1995-07-17,Male,30,71
349,Forster,Swadden,2007-05-11,Male,12,62
350,Freddy,Mallinar,2021-05-06,Female,64,28
351,Marja,Brisker,2016-02-23,Female,73,93
352,Wolfie,Mosdill,2003-08-07,Male,78,23
353,Wendell,Debnam,2021-08-31,Male,39,41
354,Merrili,Navarijo,2010-02-03,Female,89,57
355,Scotty,Jenyns,1996-01-13,Male,51,66
356,Franni,Pavlitschek,1998-09-23,Female,63,46
357,Casandra,Domnick,2022-11-08,Female,96,80
358,Yoshiko,Watkinson,2021-10-09,Female,9,35
359,Renato,Aupol,2005-09-12,Male,80,8
360,Tomasina,Greatex,2011-01-13,Female,74,58
361,Keven,Tompkiss,2019-05-04,Male,44,13
362,Lexine,McGonnell,2014-06-22,Female,49,19
363,Malinde,Hoffman,1998-05-26,Female,66,81
364,Kendrick,covino,2006-03-31,Male,20,61
365,Vivia,Kepe,2004-08-11,Female,82,60
366,Babbie,Lyptrade,2001-05-06,Female,42,31
367,Etienne,Sarrell,1996-09-09,Male,12,8
368,Syman,Cuffley,2009-02-16,Male,97,97
369,Peadar,Petriello,2008-07-23,Male,16,72
370,Rollins,Clearie,2016-05-20,Male,74,54
371,Lenna,Strodder,2004-10-25,Female,97,60
372,Pepillo,Nottingham,2022-07-15,Male,38,40
373,Mabel,Stayt,2010-10-16,Female,84,78
374,Claudianus,Ledgerton,2016-06-18,Male,45,55
375,Bibbie,Tolland,2016-08-25,Female,56,62
376,Adrianna,Du Plantier,2007-05-26,Female,87,94
377,Noll,Heeley,2012-06-23,Male,56,98
378,Margot,Poundsford,2016-06-07,Female,52,2
379,Rochette,Muzzullo,2021-10-15,Female,82,35
380,Tomaso,Crus,2002-02-14,Male,1,93
381,Heddie,Choffin,2016-06-21,Female,47,63
382,Ulrika,By,2008-08-31,Female,78,86
383,Georgetta,Vreede,2003-04-05,Female,69,26
384,Leanora,Boss,2000-01-09,Female,77,65
385,Sydney,Sket,2022-09-09,Female,45,8
386,Bernette,Helin,2021-03-02,Female,99,27
387,Byrann,Lisimore,2012-07-19,Male,64,73
388,Mic,Abbatucci,1995-08-20,Male,51,52
389,Daryle,Wildber,1996-08-21,Male,63,48
390,Budd,Caffrey,2000-12-14,Male,4,78
391,Robbyn,Albarez,2024-04-14,Female,1,29
392,Shepperd,Duffell,2014-07-10,Male,6,61
393,Oliviero,Calderwood,2021-07-02,Male,7,64
394,Kassey,Casa,2019-09-06,Female,88,63
395,Anthe,Lidgerton,2011-11-17,Female,75,93
396,Clarisse,Farens,2021-11-24,Female,83,29
397,Kristopher,Insole,2013-09-21,Male,42,41
398,Fitzgerald,Shrubshall,2008-10-09,Male,42,57
399,Archibold,Dicte,2018-06-05,Male,77,9
400,Dorry,Tavner,2015-04-28,Female,96,1
401,Arny,Barizeret,2011-03-10,Male,46,62
402,Diannne,Sponer,2004-02-04,Female,5,20
403,Monika,Clash,1995-06-26,Female,24,76
404,Armin,Sallinger,1999-04-19,Male,35,22
405,Anthia,McAviy,1996-06-03,Female,72,75
406,Dwight,Saxby,2014-05-17,Male,15,13
407,Rufe,Beddo,2020-12-10,Male,72,68
408,Ansell,Geeves,2002-07-06,Male,46,9
409,Jemmie,Stanway,2009-08-27,Female,24,6
410,Bradney,Mangin,2016-04-25,Male,93,70
411,Bram,Veart,2020-03-30,Male,24,11
412,Roseanne,Crielly,2018-12-29,Female,77,43
413,Thaddeus,Bere,2013-01-04,Male,28,61
414,Richardo,Morratt,2010-04-10,Male,16,55
415,Elle,Deex,2024-06-18,Female,57,73
416,Susann,Dumbrall,2018-12-17,Female,60,72
417,Byron,Yukhnevich,2009-01-24,Male,4,62
418,Cirilo,Senescall,2021-03-26,Male,35,86
419,Chicky,Conyer,2014-02-21,Male,40,72
420,Lotti,Landis,1998-06-09,Female,91,95
421,Claudianus,Salandino,2017-07-13,Male,10,53
422,Karlis,Paeckmeyer,2009-01-20,Male,4,75
423,Iris,Allner,2003-08-17,Female,79,42
424,Webb,Covey,2007-12-19,Male,43,62
425,Sascha,Bayston,2010-02-03,Female,91,14
426,Pavia,Drinkale,2023-09-11,Female,34,68
427,Nan,Barthrup,2019-04-02,Female,99,39
428,Merrili,Bothwell,2024-10-28,Female,22,52
429,Harmonie,Cristoferi,2010-06-30,Female,61,39
430,Joice,Tugman,2018-06-11,Female,94,85
431,Retha,Baldetti,2019-08-12,Female,23,82
432,Conn,Roffe,2007-08-23,Male,33,16
433,Maurise,Maytum,2013-05-06,Female,16,52
434,Missie,Drinkale,1996-12-31,Female,26,92
435,Mata,De Banke,1998-02-27,Male,83,27
436,Sloan,Sanbrook,2024-07-18,Male,23,65
437,Arney,Lowfill,2020-01-20,Male,89,87
438,Mavra,Ferber,2002-01-18,Female,84,46
439,Harold,Yukhtin,2019-04-22,Male,72,5
440,Heindrick,Toffolo,2012-02-29,Male,33,2
441,Ernie,Whitloe,2000-10-01,Male,21,58
442,Boycey,Gorner,2004-03-26,Male,39,75
443,Keenan,Blenkhorn,2021-04-06,Male,58,30
444,Waverley,Bosley,2022-07-11,Male,16,99
445,Jobina,Scholcroft,2011-07-18,Female,56,65
446,George,Maith,2009-07-27,Female,99,18
447,Sven,Orum,2006-04-04,Male,88,22
448,Frederica,Seabon,2022-12-08,Female,8,11
449,Meggi,Cominoli,2006-02-17,Female,54,9
450,Alfons,Cornejo,2021-10-04,Male,88,39
451,Andras,Avrahamov,1996-09-04,Male,83,6
452,Tersina,de Clercq,2011-05-31,Female,69,42
453,Nealy,Coase,2002-12-27,Male,51,94
454,Bertram,Conlon,2022-01-09,Male,1,77
455,Nannie,Moretto,2020-10-26,Female,93,99
456,Modestine,Feasey,2010-06-29,Female,39,15
457,Domeniga,Matthewson,2022-12-22,Female,9,58
458,Paulette,Jacquemet,2016-06-02,Female,56,21
459,Tally,Hirche,2020-09-24,Female,9,97
460,Ciro,Brew,1996-01-20,Male,16,53
461,Milly,Duchateau,2009-04-29,Female,51,3
462,Linet,Amber,2014-10-31,Female,3,21
463,Hurley,Bartalin,2008-08-06,Male,30,85
464,Dall,Rosencwaig,2005-06-02,Male,30,44
465,Fae,Sancraft,2018-06-07,Female,6,97
466,Alick,Waiting,2020-02-06,Male,93,40
467,Annette,Michelle,2021-07-05,Female,97,28
468,Loralee,Wandrach,2024-08-09,Female,16,41
469,Remus,O'Farris,2022-07-16,Male,45,89
470,Gert,Chimes,2009-12-14,Female,18,26
471,Carce,Baxendale,2004-09-15,Male,70,99
472,Erwin,Style,1996-01-12,Male,35,53
473,Ara,Coneybeer,1999-01-03,Male,59,41
474,Cam,McKinlay,2023-05-28,Male,99,15
475,Prentiss,McCleary,2020-10-28,Male,25,61
476,Burke,Hadkins,2018-10-28,Male,73,32
477,Derrek,Caroll,2016-07-06,Male,24,25
478,Nickolas,Habeshaw,2013-03-09,Male,31,35
479,Caressa,Wringe,2011-05-19,Female,8,44
480,Gregory,Pascow,2004-07-30,Male,12,45
481,Marion,Ferrari,2021-08-13,Male,50,5
482,Costa,Dabbs,1999-05-03,Male,72,72
483,Roanna,Grishaev,2011-08-08,Female,43,56
484,Karole,Suttle,2021-11-13,Female,11,54
485,Nance,Phuprate,2008-03-23,Female,23,1
486,Archy,Brickdale,2018-09-30,Male,88,89
487,Hallsy,Mc Meekin,2004-09-15,Male,43,89
488,Cassandry,Jimeno,2007-03-22,Female,19,84
489,Cass,Dibben,1995-07-01,Male,23,3
490,Jim,MacNeillie,2008-04-13,Male,67,46
491,Lurette,Swanson,2009-10-18,Female,17,19
492,Towney,Gaskell,2013-01-26,Male,80,69
493,Merna,Izzat,2004-09-02,Female,44,93
494,Yuma,Colt,2018-09-19,Male,55,93
495,Davida,Rikkard,2012-11-09,Female,47,98
496,Viki,Rudledge,2012-11-17,Female,41,62
497,Corinna,Staggs,2019-12-19,Female,12,98
498,Corty,Monkman,2003-02-20,Male,89,91
499,Beatriz,Bristoe,1999-06-27,Female,54,55
500,Rawley,Tessington,2011-05-12,Male,3,80
501,Ennis,Hannabuss,2005-12-30,Male,11,75
502,Levy,McSaul,2010-07-09,Male,21,33
503,Curran,Haverty,2015-08-15,Male,48,96
504,Ag,Swetenham,1999-11-12,Female,67,41
505,Guendolen,Dongate,2023-10-25,Female,38,38
506,Jyoti,Brydell,2011-03-20,Female,83,82
507,Danyette,Wrigley,2016-05-01,Female,45,14
508,Gloriana,Dincke,2002-04-26,Female,87,65
509,Bron,Paur,2014-02-09,Male,96,90
510,Tatiania,Clapperton,2012-06-30,Female,77,94
511,Kata,Giorgini,2021-07-28,Female,46,1
512,Arlinda,Fraschini,2011-05-26,Female,58,100
513,Mathias,Gorger,2007-08-24,Male,3,89
514,Lefty,Scherer,1995-09-11,Male,16,19
515,Nobe,Goodlip,2009-04-23,Male,51,31
516,Valle,Curtayne,2020-10-20,Male,91,41
517,Isidore,Munnings,1995-11-05,Male,72,67
518,Husain,Wittrington,2000-02-02,Male,56,44
519,Kris,Amaya,2019-04-20,Male,70,39
520,Edvard,Kapelhoff,1996-02-17,Male,46,53
521,Rodd,Duigenan,2016-03-22,Male,78,52
522,Lucia,Lauret,2024-06-16,Female,34,30
523,Rafaelia,McKelvey,1998-09-19,Female,64,56
524,Karlan,Tohill,2020-05-01,Male,20,92
525,Ashlee,O'Kelly,2003-08-27,Female,84,47
526,Mabel,Habbeshaw,2022-05-11,Female,14,71
527,Charmaine,Faltin,1999-09-09,Female,95,47
528,Aloise,Van der Velden,2012-03-05,Female,32,39
529,Benni,David,2001-12-26,Female,90,66
530,Brigg,Stears,2008-05-18,Male,78,32
531,Ailbert,Blodget,2005-04-14,Male,57,26
532,Ramonda,Thoms,1998-04-07,Female,77,54
533,Sybila,Hostan,2001-03-22,Female,52,85
534,Amalie,Vondrach,2013-07-22,Female,1,70
535,Lindy,Cruise,2002-07-06,Female,38,27
536,Gaultiero,Mongin,2010-12-20,Male,71,56
537,Gilles,Bernardotti,2024-03-03,Male,2,7
538,Tyson,Lacey,2017-07-08,Male,48,62
539,Helene,Brambill,2017-01-16,Female,35,34
540,Sully,Ferier,2005-05-31,Male,99,1
541,Ginni,Domokos,2005-01-01,Female,67,19
542,Berri,Cobello,2018-02-11,Female,82,82
543,Arv,Eilers,2014-12-14,Male,30,80
544,Stacie,Ravelus,2024-01-07,Female,45,7
545,Alyss,Ferrara,2001-01-25,Female,39,2
546,Yul,Holttom,2003-03-30,Male,16,64
547,Vikky,Diddams,2015-03-09,Female,7,92
548,Ondrea,Miskelly,2019-01-23,Female,6,30
549,Brew,Hutchcraft,2016-05-31,Male,64,87
550,Carmina,Jeeks,2005-11-13,Female,81,92
551,Fitz,Fynn,1999-01-08,Male,87,22
552,Vin,Gerauld,2022-03-19,Male,5,94
553,Sissy,Aldie,2017-08-23,Female,80,18
554,Gauthier,Rennick,2017-03-01,Male,100,91
555,Benoit,Zorro,2022-06-28,Male,57,19
556,Galvin,Gartan,1996-07-19,Male,54,81
557,Haley,Licciardo,2002-12-08,Male,98,81
558,Delmor,Gatlin,2014-08-06,Male,78,8
559,Cathyleen,Skippen,2009-11-14,Female,28,54
560,Brad,Seger,2013-03-30,Male,76,24
561,Ezri,Lescop,2006-06-10,Male,15,23
562,Gregorio,Baud,2019-03-22,Male,88,21
563,Cicely,Simoncelli,2012-12-19,Female,22,8
564,Michell,Moules,2012-04-03,Female,35,31
565,Wesley,Springer,2023-05-16,Male,25,27
566,Lilah,Stovell,2010-04-06,Female,68,88
567,Jessie,Goodswen,2001-07-18,Male,42,85
568,Bale,Muckleston,1998-05-05,Male,14,81
569,Reuben,Eagland,1995-07-25,Male,72,71
570,Johnathon,Davenell,1995-03-05,Male,42,57
571,Lockwood,Spellessy,1998-10-23,Male,97,91
572,Nobie,Castaneda,2013-08-02,Male,46,74
573,Abbot,Cabell,2020-05-23,Male,13,24
574,Archibald,Hedworth,2002-04-11,Male,78,65
575,Nance,Bucknall,2010-08-10,Female,96,92
576,Isiahi,Cobain,2006-03-27,Male,56,83
577,Teresita,Warret,2003-11-22,Female,27,99
578,Prent,Ravelus,2021-11-26,Male,86,71
579,Otto,Kahan,1995-08-25,Male,98,68
580,Rodrick,De Zamudio,2021-07-21,Male,49,84
581,Nicolette,Smaridge,2012-07-29,Female,49,19
582,Lynne,Charlet,2001-06-16,Female,66,80
583,Cassey,Fevier,2008-12-10,Female,39,25
584,Pembroke,Spriggs,2017-09-22,Male,69,47
585,Harley,Matusiak,1995-10-25,Female,98,62
586,Hercules,Dziwisz,2014-07-27,Male,27,40
587,Trev,Cuttell,2019-09-28,Male,90,99
588,Brier,Ebbers,2022-10-11,Female,32,92
589,Yvonne,Shwenn,2019-06-27,Female,49,85
590,Madeleine,Hickisson,2017-05-02,Female,12,60
591,Tod,Geikie,1995-08-27,Male,13,82
592,Randy,Smillie,2020-02-09,Female,60,20
593,Melisa,Ducket,1999-01-01,Female,59,18
594,Brad,Saddler,2008-12-08,Male,87,92
595,Jody,Preator,2006-04-01,Female,7,11
596,Jason,Sturt,1995-12-10,Male,73,24
597,Diane-marie,Hinze,2006-12-08,Female,62,15
598,Mario,McNeil,1995-06-22,Male,43,29
599,Bartram,Johnikin,2000-07-16,Male,17,98
600,Margalit,Rowston,2000-01-09,Female,48,70
601,Mickey,Phear,2012-01-30,Male,98,43
602,Lana,Rossetti,2010-08-01,Female,60,84
603,Zarah,Ashbe,2012-05-10,Female,44,26
604,Lizette,Lehrmann,2023-12-25,Female,98,87
605,Shermie,Breeder,2018-04-10,Male,83,60
606,Dulce,Cacacie,2000-10-19,Female,33,77
607,Case,Spavon,2022-09-07,Male,32,8
608,Pauletta,Nelsen,2019-12-06,Female,88,61
609,Bernette,Stancer,1995-11-17,Female,14,54
610,Barbe,Ollerton,1995-04-14,Female,4,7
611,Saree,Maneylaws,2004-12-29,Female,77,67
612,Nadeen,Wallett,1995-11-14,Female,12,2
613,Olly,Dufer,2006-08-10,Male,79,19
614,Tibold,Franchyonok,2019-10-16,Male,94,52
615,Kelly,Duding,2012-01-07,Female,7,82
616,Deane,Branton,2002-08-03,Female,38,36
617,Wald,Ratter,2005-12-22,Male,53,94
618,Katrina,Maffezzoli,2003-08-06,Female,70,60
619,Ramsay,Toulson,2024-03-24,Male,87,68
620,Sharity,Pickerin,2022-04-24,Female,54,99
621,Missie,Pobjay,2006-10-08,Female,30,56
622,Christopher,O'Connor,2023-03-23,Male,45,76
623,Kendell,Stailey,2000-09-06,Male,56,59
624,Shannen,Leverton,1996-08-24,Female,53,94
625,Jarvis,Eschalette,1997-01-10,Male,63,69
626,Giuseppe,Josefer,2021-07-08,Male,36,76
627,Collie,Affleck,2001-09-29,Female,40,42
628,Jonell,Lepoidevin,2002-05-15,Female,85,69
629,Elva,Aldred,2003-08-20,Female,45,19
630,Chrissy,Episcopi,2011-05-17,Male,55,35
631,Lavinie,Pinchback,1996-05-12,Female,92,90
632,Hettie,Tours,2016-02-05,Female,21,50
633,Germana,Dusting,2003-10-28,Female,97,33
634,Aveline,Burkett,2005-11-25,Female,80,90
635,Powell,McRoberts,1999-03-17,Male,28,53
636,Mikol,Vedeniktov,1997-10-22,Male,46,20
637,Mabel,Dannell,2009-05-08,Female,50,44
638,Jennine,Kirkbright,2019-11-02,Female,79,59
639,Minta,Nayshe,2001-08-21,Female,14,82
640,Gerladina,Humm,2001-06-03,Female,22,10
641,Hilarius,Alyutin,2003-09-18,Male,39,73
642,Helen,Ricioppo,2000-10-22,Female,79,24
643,Richy,Kilrow,2009-03-25,Male,21,60
644,Carly,Sirr,2004-03-08,Male,41,64
645,Courtenay,Heinle,2002-06-21,Female,45,45
646,Gael,Pigny,2010-10-25,Male,66,54
647,Ethyl,Halpine,1997-10-01,Female,31,3
648,Neille,Gregol,1996-02-21,Female,12,54
649,Melesa,Ousby,2015-07-06,Female,51,95
650,Chicky,Bagshaw,2013-05-02,Male,13,17
651,Etty,Beedell,2000-06-27,Female,89,74
652,Richie,Bosworth,2014-01-07,Male,76,95
653,Brod,Eglaise,2019-02-28,Male,66,21
654,Javier,Josey,1995-05-28,Male,44,14
655,Melany,Pentycross,2009-06-12,Female,34,8
656,Hieronymus,Streetley,2022-12-20,Male,40,53
657,Hatty,Ahmad,2019-02-16,Female,63,64
658,Ursa,Merriton,2003-03-13,Female,8,9
659,Lucias,Ewebank,2017-05-05,Male,14,96
660,Andrea,Friday,2010-03-27,Female,46,34
661,Chickie,Rookledge,2022-11-25,Male,18,93
662,Pepillo,Duncanson,2021-12-08,Male,17,89
663,Sabra,Wardle,2008-02-16,Female,52,43
664,Silvie,Stead,1997-03-11,Female,87,46
665,Hastings,Murton,2005-08-12,Male,43,36
666,Kristina,Saggs,1996-12-12,Female,66,44
667,Bogey,Jeandin,2011-07-28,Male,13,77
668,Leanor,Linck,2004-02-09,Female,34,39
669,Mercy,Lorans,2001-10-08,Female,46,37
670,Wallace,Burfield,2018-08-30,Male,25,91
671,Sky,Garcia,1998-11-13,Male,96,97
672,Ilyse,Eaglesham,2011-11-22,Female,72,89
673,Humfrey,Blewitt,2000-07-18,Male,86,83
674,Deerdre,Tapper,2008-09-16,Female,92,8
675,Rickie,Sarjant,2022-11-11,Male,88,5
676,Fran,Key,2016-05-14,Male,25,12
677,Storm,Giblett,2001-06-18,Female,26,48
678,Lauren,Allman,2002-01-02,Male,15,1
679,Jojo,Foxhall,1997-07-05,Female,65,4
680,Dominic,Charlo,2008-02-11,Male,87,28
681,Britta,Karolczyk,2020-11-26,Female,27,30
682,Fowler,Genery,2016-11-23,Male,17,20
683,Amalita,Laughtisse,2009-03-04,Female,89,91
684,Norri,Pettigrew,1998-10-15,Female,34,58
685,Anette,Bolton,2000-10-07,Female,71,58
686,Willem,Casetta,2015-06-25,Male,66,43
687,Celinka,Aleksankin,1998-09-04,Female,37,82
688,Ortensia,Zima,2023-12-25,Female,70,21
689,Joelly,Lippett,2024-04-16,Female,4,31
690,Cordy,Storer,2015-06-14,Female,30,12
691,Patti,Carman,2010-04-06,Female,65,63
692,Lezlie,Coulston,1995-11-01,Female,41,98
693,Maribelle,Maudett,2010-03-28,Female,64,81
694,Danny,Scarasbrick,2023-06-21,Female,44,35
695,Luther,Eleshenar,2020-05-01,Male,41,49
696,Tawsha,Mercer,2015-03-01,Female,81,75
697,Dayle,Pecey,2022-05-22,Female,24,68
698,Rhys,Knoble,2017-05-05,Male,59,76
699,Danya,Feaster,1999-04-27,Male,53,85
700,Iorgo,Shaw,2001-10-08,Male,88,72
701,Peggi,Garrick,2015-04-07,Female,8,64
702,Deanna,Padefield,2022-09-22,Female,18,54
703,Meriel,Butters,2011-05-28,Female,14,99
704,Leisha,Sheldrake,2006-12-19,Female,24,79
705,Hymie,Beetles,2018-01-14,Male,69,63
706,Dodie,Vaugham,1997-11-25,Female,53,33
707,Simon,Marty,2021-02-05,Male,29,70
708,Verne,North,2016-01-15,Male,41,75
709,Bev,Chattock,2000-03-06,Female,49,68
710,Ogdon,Falks,2014-04-16,Male,69,32
711,Mireille,Brumen,2020-11-09,Female,62,48
712,Elvis,McEwan,1999-06-20,Male,12,19
713,Angy,Ivanenkov,2001-02-09,Female,29,45
714,Claudette,Strathman,1996-11-14,Female,26,87
715,Jerald,Gallafant,2024-05-03,Male,84,57
716,Shaylah,Witling,2012-02-04,Female,78,65
717,Linda,Eam,2018-08-08,Female,61,100
718,Jennee,Van den Bosch,2016-07-16,Female,58,17
719,Viviana,Petronis,2019-09-11,Female,38,61
720,Peterus,Fettes,2016-05-11,Male,48,72
721,Tobi,Bickerdike,2013-07-09,Female,19,39
722,Rubetta,Erley,2024-02-20,Female,43,61
723,Mikol,Roseveare,2000-04-01,Male,40,66
724,Horton,Smeuin,2012-02-06,Male,60,20
725,Kerwin,Lepard,2022-09-21,Male,74,42
726,Brannon,Lathleiff,2007-03-29,Male,33,84
727,Patrizius,St. John,2001-09-27,Male,55,11
728,Pedro,Fawson,2023-02-24,Male,48,82
729,Ripley,Despenser,1999-07-21,Male,93,54
730,Nilson,Bonsall,2003-09-16,Male,28,77
731,Gaspar,McAleese,2011-02-10,Male,41,83
732,Leann,Spinetti,2009-02-11,Female,99,68
733,Robers,Trevna,2010-09-05,Male,46,99
734,Dyann,Tofpik,2022-11-27,Female,69,27
735,Dalenna,Asquith,1995-01-06,Female,91,84
736,Vonnie,Bauld,2011-09-24,Female,19,25
737,Lonnie,Murby,2023-05-13,Male,65,62
738,Tobi,Janicijevic,2012-06-25,Female,74,96
739,Boyce,Humpage,2018-12-03,Male,95,93
740,Rosalynd,O'Shaughnessy,2003-12-21,Female,19,93
741,Hobey,Falk,1995-07-30,Male,57,72
742,Letitia,Derisley,1998-04-22,Female,2,19
743,Vincenty,Minucci,2010-07-11,Male,19,59
744,Ervin,Smee,2018-05-15,Male,16,2
745,Terencio,Ahmed,2002-09-18,Male,96,52
746,Timoteo,Anstiss,2014-11-15,Male,52,49
747,Vaughan,Spiller,2009-09-15,Male,3,98
748,Dallis,Housego,2022-01-04,Male,48,86
749,Ailene,Billiard,2018-04-16,Female,49,56
750,Hamlin,Hedderly,1995-05-02,Male,8,50
751,Aila,Lelande,1997-12-05,Female,69,94
752,Sandy,Burnie,2005-02-01,Male,99,41
753,Goober,Flatman,2008-04-29,Male,83,51
754,Zechariah,Oldacres,2021-11-28,Male,31,6
755,Gaven,O'Hearn,2017-08-02,Male,36,58
756,Alexi,Nono,2024-09-06,Female,80,45
757,Starla,Drillot,2016-07-19,Female,93,92
758,Roarke,McSperron,2017-04-24,Male,98,46
759,Janeczka,Vedenichev,1998-04-24,Female,37,20
760,Erhart,Jencey,1999-10-03,Male,31,87
761,Ellene,Driscoll,2024-08-20,Female,84,13
762,Norma,Boreham,2006-12-04,Female,29,32
763,Brooks,Spalton,2019-04-27,Male,64,45
764,Roslyn,Garioch,1997-09-10,Female,32,15
765,Mella,Van der Hoeven,2001-09-21,Female,74,45
766,Dell,Shenton,2006-06-14,Male,54,43
767,Ashbey,Sybry,2006-01-27,Male,26,39
768,Anne-marie,Lacroutz,2024-10-13,Female,85,54
769,Trudi,Catherick,1998-10-15,Female,72,36
770,Bette,Abbess,2002-05-03,Female,65,18
771,Deb,Mayho,2007-09-05,Female,99,55
772,Gianna,Chewter,1997-01-02,Female,91,56
773,Rufus,Drabble,2023-05-03,Male,72,24
774,Benedicto,Rohlfing,2015-06-03,Male,97,29
775,Nissy,Duprey,2006-03-21,Female,94,19
776,Evered,Arnopp,2012-02-24,Male,50,81
777,Iosep,Chestnutt,2003-01-14,Male,12,24
778,Reinald,Bollum,2011-12-10,Male,73,50
779,Louis,Lording,2023-11-19,Male,13,47
780,Dominique,Scading,2022-07-14,Female,45,80
781,Gasparo,Mosedall,2019-02-07,Male,23,8
782,Myrta,Sines,2000-04-25,Female,30,69
783,Johny,Boorne,2011-03-21,Male,72,38
784,Brent,Holleworth,2007-05-13,Male,62,5
785,Shell,Ord,2015-04-03,Female,61,98
786,Patton,Hawkswood,2006-10-06,Male,49,18
787,Sallyanne,Manketell,2007-02-07,Female,79,94
788,Ursuline,Imm,2012-11-19,Female,76,84
789,Cara,Jakolevitch,2021-09-01,Female,7,86
790,Joyan,Keneforde,2003-03-24,Female,30,26
791,Christa,Prettyjohn,2003-07-13,Female,25,68
792,Denyse,Raith,2004-08-13,Female,25,80
793,Ashby,Orrett,1997-04-14,Male,68,48
794,Chere,Loughrey,2009-02-23,Female,78,32
795,Alyda,Flipsen,2024-09-11,Female,28,5
796,Roxi,Goathrop,2001-10-05,Female,65,84
797,Allegra,Alsop,2022-04-08,Female,74,31
798,Humphrey,Welldrake,2017-12-29,Male,74,91
799,Kristan,Scrivinor,2007-11-10,Female,2,37
800,Selena,Garnson,2016-03-29,Female,88,20
801,Lindon,Methringham,2011-06-23,Male,60,60
802,Paule,Reading,2024-08-05,Female,6,58
803,Freddi,Wolstencroft,2019-07-16,Female,62,2
804,Rik,Esel,2012-03-01,Male,30,9
805,Purcell,Balm,2023-03-17,Male,60,76
806,Florentia,Kerkham,2008-09-29,Female,85,80
807,Adel,Meese,2023-11-19,Female,32,11
808,Jeni,Stodart,2014-07-27,Female,6,46
809,Lalo,Stickley,1998-08-18,Male,85,59
810,Maxy,Giacoppoli,2011-11-12,Female,32,71
811,Marcellina,Lackinton,2021-02-20,Female,78,72
812,Liuka,Turney,2015-09-25,Female,99,28
813,Jerry,Louis,2016-06-08,Male,56,98
814,Jeffry,Emerine,2009-03-27,Male,65,47
815,Faustina,Harborow,2007-06-11,Female,55,68
816,Pamella,Bingham,2006-12-20,Female,65,31
817,Eldridge,Vaulkhard,2021-03-22,Male,72,83
818,Britte,Garrity,1997-07-12,Female,57,83
819,Cate,McJarrow,2008-08-22,Female,27,52
820,Stanton,Salery,2002-12-04,Male,84,23
821,Noam,Picard,2002-10-21,Male,18,74
822,Russell,Frizell,2022-02-15,Male,65,10
823,Audrie,Keling,1997-02-14,Female,60,79
824,Nathaniel,Kuller,2017-05-10,Male,18,42
825,Zola,Urlich,2019-06-05,Female,27,32
826,Corie,Londing,1995-08-10,Female,19,97
827,Shaylah,Talman,2023-01-10,Female,38,73
828,Stepha,Asling,2010-09-28,Female,68,8
829,Yoshiko,Lintill,2024-11-18,Female,30,39
830,Bancroft,Hounsom,2021-11-08,Male,56,17
831,Gan,Huleatt,2003-01-03,Male,56,9
832,Cece,Dow,2008-11-06,Male,100,11
833,Shanan,Byng,2023-02-06,Male,5,97
834,Forrest,Goschalk,1997-08-10,Male,63,97
835,Clywd,Stubbs,2013-10-21,Male,29,84
836,Orion,Jaulmes,2023-10-25,Male,85,84
837,Emanuel,Marcroft,2018-12-12,Male,25,81
838,Yves,Whoston,1999-09-24,Male,56,14
839,Harrison,Osipenko,2009-05-24,Male,61,29
840,Jess,Billyard,2010-08-18,Female,4,59
841,Cirillo,Johnstone,2013-12-26,Male,7,3
842,Marie-jeanne,Charlesworth,2017-08-21,Female,33,84
843,Roshelle,Prestney,2017-04-07,Female,69,68
844,Claudian,Monnoyer,1997-06-12,Male,61,39
845,Kerstin,Hindenburg,2020-11-29,Female,73,99
846,Hinda,Wintour,2020-12-16,Female,13,39
847,Iain,Lathleiffure,2006-11-06,Male,68,45
848,Amil,Rickwood,2023-10-09,Female,72,43
849,Jonell,Vasic,2009-06-05,Female,31,83
850,Gregg,Tearney,2012-04-22,Male,24,19
851,Emmit,Wyvill,1997-02-18,Male,20,6
852,Genevra,Earengey,2021-07-29,Female,42,44
853,Gabbie,Delhay,2000-11-01,Male,22,34
854,Dalia,Beagin,2016-10-19,Female,85,73
855,Fredrika,Kenealy,2016-11-03,Female,59,48
856,Indira,Reiglar,2012-11-25,Female,80,73
857,Axe,Kumar,2019-03-05,Male,7,41
858,Massimiliano,Shuttlewood,2021-12-05,Male,48,38
859,Shae,Thorald,2008-04-05,Female,16,64
860,Giavani,Blackler,1999-01-03,Male,100,70
861,Neddy,Aked,2015-12-01,Male,16,3
862,Vincent,Pratton,2002-08-07,Male,14,59
863,Dionisio,Chimienti,2008-09-11,Male,68,95
864,Filia,McLenaghan,1996-03-06,Female,54,15
865,Jan,Rodder,2023-01-30,Female,57,16
866,Chrysler,Vallender,1999-12-08,Female,13,61
867,Theodosia,Waby,2002-12-18,Female,6,42
868,Leland,Stowte,2023-01-11,Female,67,61
869,Jenni,Bernath,2014-04-21,Female,51,26
870,Hendrika,Stovell,2003-04-15,Female,82,39
871,Hiram,Crennan,2017-12-03,Male,77,23
872,Demetria,Pinkney,1997-12-06,Female,39,3
873,Griz,Ricold,2000-04-03,Male,37,3
874,Patricio,Salaman,2009-06-12,Male,48,64
875,Codi,Humpherston,2007-11-02,Female,58,2
876,Eadie,Muslim,2005-05-16,Female,39,98
877,Audry,Tosney,1995-09-16,Female,49,90
878,Englebert,Samter,1999-05-02,Male,12,2
879,Colver,Cardis,2022-11-07,Male,93,99
880,Goldy,Kinset,2023-08-14,Female,74,20
881,Pierrette,Gleadhall,2019-06-09,Female,54,43
882,Bathsheba,Mauchlen,2010-06-12,Female,10,33
883,Chance,Gages,2000-06-20,Male,62,10
884,Ermina,Bourdis,2022-08-14,Female,97,24
885,Karen,McAreavey,2021-03-11,Female,94,17
886,Charmane,Mashro,2005-10-08,Female,84,69
887,Natal,Franciotti,2010-07-08,Male,29,47
888,Vern,Tellenbach,2020-08-28,Male,73,26
889,Berget,O'Hartnett,2019-11-05,Female,37,39
890,Desiree,Davidovitz,2020-08-31,Female,91,22
891,Ranique,Fillary,1998-09-10,Female,53,36
892,Nahum,Zoanetti,2023-02-08,Male,48,35
893,Rora,McKintosh,2005-03-05,Female,44,67
894,Rudd,Jacob,1999-05-06,Male,11,67
895,Kasey,Monteath,2014-12-23,Female,3,84
896,Isador,Millsap,1999-02-26,Male,83,78
897,Iseabal,Dripps,2012-07-31,Female,23,41
898,Minor,Derl,2002-02-04,Male,24,37
899,Oliviero,St Ledger,2007-06-23,Male,58,17
900,Kathy,Mannin,2003-12-08,Female,26,14
901,Harriett,Tuffley,2023-02-09,Female,68,96
902,Don,Bene,2000-10-17,Male,41,100
903,Kelby,Traviss,2005-03-16,Male,70,87
904,Johann,Verzey,2023-05-17,Male,9,93
905,Burr,Wiltshear,2017-06-10,Male,34,100
906,Heddi,Peschka,2001-10-14,Female,47,44
907,Carr,Castillon,2004-11-12,Male,7,48
908,Richy,Ordidge,2003-03-12,Male,71,22
909,Branden,Habard,2009-03-26,Male,4,73
910,Datha,Pattini,2024-07-05,Female,99,89
911,Belita,Linay,2020-10-25,Female,66,65
912,Bayard,Wieprecht,2022-12-26,Male,15,28
913,Deanna,Springer,1996-04-10,Female,74,58
914,Vinni,Harsnipe,2000-11-25,Female,2,98
915,Annmarie,La Torre,2002-12-28,Female,6,41
916,Tim,Hugo,2012-03-25,Male,98,16
917,Holli,Towsey,2007-04-11,Female,23,80
918,Marcos,Gambles,2014-08-24,Male,92,53
919,Muffin,Brownhill,2016-07-10,Male,52,30
920,Nancy,Rishworth,2000-03-02,Female,34,86
921,Georgette,Gulland,2022-02-12,Female,81,16
922,Elspeth,Sooley,1995-12-04,Female,95,39
923,Denna,Farington,1998-01-07,Female,41,9
924,Kristen,Lockier,2006-02-28,Female,8,87
925,Eveline,Corbridge,2009-02-07,Female,90,57
926,Tabor,Purrier,2011-11-11,Male,75,68
927,Maximilian,Firpi,2011-01-20,Male,42,33
928,Ahmad,Dowey,1995-05-04,Male,39,53
929,Lynnell,Postles,2021-11-17,Female,6,10
930,Marline,Corton,2003-10-19,Female,38,76
931,Garrott,Hynde,2008-04-28,Male,86,6
932,Virginie,Cossum,2017-04-13,Female,85,67
933,Frederico,Haller,1995-09-23,Male,61,59
934,Krishnah,Tankus,2019-05-23,Male,37,89
935,Karna,Digance,2003-02-04,Female,56,42
936,Eugenio,Turbefield,2020-12-30,Male,80,14
937,Gerik,Pellant,2011-02-11,Male,74,45
938,Jeffrey,Rowe,2007-10-10,Male,99,12
939,Elyn,Yerrill,2017-01-01,Female,60,20
940,Janice,Nanninini,2003-02-23,Female,18,44
941,Ella,McGahey,2023-09-20,Female,30,66
942,Tremain,Grumell,2000-03-28,Male,4,66
943,Izabel,Beauman,1999-10-14,Female,42,56
944,Rey,Henker,2019-05-01,Female,90,33
945,Stevy,Byars,2023-03-21,Male,99,39
946,Simeon,Manford,2023-12-27,Male,57,15
947,Forbes,Terren,2021-10-05,Male,85,38
948,Cathrin,Crosland,2010-10-21,Female,41,94
949,Berkly,Fursland,2023-10-16,Male,53,47
950,Bellina,Menichi,1998-06-27,Female,91,5
951,Daryle,Bessant,1999-02-20,Male,6,69
952,Wynn,Themann,2023-02-24,Male,10,6
953,Madge,Lodford,2012-06-14,Female,51,15
954,Kaylil,Paulillo,1999-01-19,Female,56,54
955,Maddalena,Mcall,1998-03-12,Female,21,99
956,Bourke,Rowthorne,2002-02-01,Male,55,21
957,Hall,Janauschek,2018-05-07,Male,18,78
958,Patrica,Riseley,2024-07-28,Female,41,89
959,Waite,Agge,2014-03-16,Male,23,22
960,Genevra,Dewsnap,2009-03-14,Female,61,18
961,Vanessa,McVaugh,2014-02-04,Female,55,56
962,Igor,Izard,1995-05-08,Male,97,19
963,Any,Richly,2017-02-10,Male,99,99
964,Eloise,Witheridge,1996-02-23,Female,40,91
965,Mathilde,Manser,2014-02-12,Female,35,93
966,Mimi,Haverty,2020-03-09,Female,70,4
967,Addison,O'Spellissey,2024-02-17,Male,86,83
968,Zorine,Filer,2014-06-21,Female,63,64
969,Selie,Kubicka,2017-09-05,Female,95,94
970,Galvan,Passman,2008-07-11,Male,5,73
971,Evin,Shermar,2018-04-02,Male,81,99
972,Gallagher,Pergens,2012-12-23,Male,49,2
973,Dorthea,Symons,1995-02-18,Female,20,57
974,Bettina,Yesichev,2004-08-20,Female,70,9
975,Blondie,Nicolls,2004-01-24,Female,92,21
976,Koo,Lowerson,2014-11-06,Female,52,28
977,Kathrine,Hubbucks,2010-12-06,Female,93,19
978,Abbe,Phalip,2010-01-05,Male,25,73
979,Anallese,Gieraths,2020-09-20,Female,72,52
980,Martina,Ossipenko,2014-12-14,Female,23,51
981,Jacquenette,Rankin,2002-10-01,Female,52,80
982,Pietra,Wadhams,2021-01-06,Female,64,33
983,Ivory,Korf,1999-10-03,Female,72,23
984,Gustav,Harbar,2009-12-15,Male,75,9
985,Virgie,Crebbin,1998-04-17,Female,23,35
986,Gaultiero,Shafe,2019-11-07,Male,28,25
987,Dorie,Grove,2022-04-16,Male,9,5
988,Waylin,Rickersy,2013-10-04,Male,44,91
989,Pia,Lewsie,2015-05-14,Female,11,38
990,Dru,Tadd,2017-07-05,Female,75,15
991,Alva,Kennady,2013-08-31,Male,33,8
992,Lola,Felce,1999-05-20,Female,30,41
993,Avrit,Gircke,1999-11-30,Female,45,16
994,Charmion,Frichley,2004-03-05,Female,51,87
995,Michael,Klehyn,2002-11-04,Male,90,75
996,Bunnie,Dennison,2002-09-10,Female,97,36
997,Kurt,Radcliffe,2004-09-25,Male,72,87
998,Ash,MacNeice,2003-04-08,Male,73,57
999,Montgomery,Kerbler,2017-10-25,Male,55,15
1000,Igor,Wrefford,1995-09-17,Male,90,80
